title,subtitle,url,star,quote
"['肖申克的救赎', '\xa0/\xa0The Shawshank Redemption']",['\xa0/\xa0月黑高飞(港)  /  刺激1995(台)'],https://movie.douban.com/subject/1292052/,9.7,希望让人自由。
['霸王别姬'],['\xa0/\xa0再见，我的妾  /  Farewell My Concubine'],https://movie.douban.com/subject/1291546/,9.6,风华绝代。
"['阿甘正传', '\xa0/\xa0Forrest Gump']",['\xa0/\xa0福雷斯特·冈普'],https://movie.douban.com/subject/1292720/,9.5,一部美国近现代史。
"['泰坦尼克号', '\xa0/\xa0Titanic']",['\xa0/\xa0铁达尼号(港 / 台)'],https://movie.douban.com/subject/1292722/,9.4,失去的才是永恒的。 
"['这个杀手不太冷', '\xa0/\xa0Léon']",['\xa0/\xa0终极追杀令(台)  /  杀手莱昂'],https://movie.douban.com/subject/1295644/,9.4,怪蜀黍和小萝莉不得不说的故事。
"['美丽人生', '\xa0/\xa0La vita è bella']",['\xa0/\xa0一个快乐的传说(港)  /  Life Is Beautiful'],https://movie.douban.com/subject/1292063/,9.6,最美的谎言。
"['千与千寻', '\xa0/\xa0千と千尋の神隠し']",['\xa0/\xa0神隐少女(台)  /  千与千寻的神隐'],https://movie.douban.com/subject/1291561/,9.4,最好的宫崎骏，最好的久石让。 
"['辛德勒的名单', ""\xa0/\xa0Schindler's List""]",['\xa0/\xa0舒特拉的名单(港)  /  辛德勒名单'],https://movie.douban.com/subject/1295124/,9.6,拯救一个人，就是拯救整个世界。
"['盗梦空间', '\xa0/\xa0Inception']",['\xa0/\xa0潜行凶间(港)  /  全面启动(台)'],https://movie.douban.com/subject/3541415/,9.4,诺兰给了我们一场无法盗取的梦。
"['忠犬八公的故事', ""\xa0/\xa0Hachi: A Dog's Tale""]",['\xa0/\xa0秋田犬八千(港)  /  忠犬小八(台)'],https://movie.douban.com/subject/3011091/,9.4,永远都不能忘记你所爱的人。
"['星际穿越', '\xa0/\xa0Interstellar']",['\xa0/\xa0星际启示录(港)  /  星际效应(台)'],https://movie.douban.com/subject/1889243/,9.4,爱是一种力量，让我们超越时空感知它的存在。
"['楚门的世界', '\xa0/\xa0The Truman Show']",['\xa0/\xa0真人Show(港)  /  真人戏'],https://movie.douban.com/subject/1292064/,9.3,如果再也不能见到你，祝你早安，午安，晚安。
"['海上钢琴师', ""\xa0/\xa0La leggenda del pianista sull'oceano""]",['\xa0/\xa0声光伴我飞(港)  /  一九零零的传奇'],https://movie.douban.com/subject/1292001/,9.3,每个人都要走一条自己坚定了的路，就算是粉身碎骨。 
"['三傻大闹宝莱坞', '\xa0/\xa03 Idiots']",['\xa0/\xa0三个傻瓜(台)  /  作死不离3兄弟(港)'],https://movie.douban.com/subject/3793023/,9.2,英俊版憨豆，高情商版谢耳朵。
"['机器人总动员', '\xa0/\xa0WALL·E']",['\xa0/\xa0太空奇兵·威E(港)  /  瓦力(台)'],https://movie.douban.com/subject/2131459/,9.3,小瓦力，大人生。
"['放牛班的春天', '\xa0/\xa0Les choristes']",['\xa0/\xa0歌声伴我心(港)  /  唱诗班男孩'],https://movie.douban.com/subject/1291549/,9.3,天籁一般的童声，是最接近上帝的存在。 
"['无间道', '\xa0/\xa0無間道']",['\xa0/\xa0Infernal Affairs  /  Mou gaan dou'],https://movie.douban.com/subject/1307914/,9.3,香港电影史上永不过时的杰作。
"['疯狂动物城', '\xa0/\xa0Zootopia']",['\xa0/\xa0优兽大都会(港)  /  动物方城市(台)'],https://movie.douban.com/subject/25662329/,9.2,迪士尼给我们营造的乌托邦就是这样，永远善良勇敢，永远出乎意料。
"['大话西游之大圣娶亲', '\xa0/\xa0西遊記大結局之仙履奇緣']",['\xa0/\xa0西游记完结篇仙履奇缘  /  齐天大圣西游记'],https://movie.douban.com/subject/1292213/,9.2,一生所爱。
"['熔炉', '\xa0/\xa0도가니']",['\xa0/\xa0无声呐喊(港)  /  漩涡'],https://movie.douban.com/subject/5912992/,9.3,我们一路奋战不是为了改变世界，而是为了不让世界改变我们。
"['控方证人', '\xa0/\xa0Witness for the Prosecution']",['\xa0/\xa0雄才伟略  /  情妇'],https://movie.douban.com/subject/1296141/,9.6,比利·怀德满分作品。
"['教父', '\xa0/\xa0The Godfather']","[""\xa0/\xa0Mario Puzo's The Godfather""]",https://movie.douban.com/subject/1291841/,9.3,千万不要记恨你的对手，这样会让你失去理智。
"['当幸福来敲门', '\xa0/\xa0The Pursuit of Happyness']",['\xa0/\xa0寻找快乐的故事(港)  /  追求快乐'],https://movie.douban.com/subject/1849031/,9.2,平民励志片。 
"['触不可及', '\xa0/\xa0Intouchables']",['\xa0/\xa0闪亮人生(港)  /  逆转人生(台)'],https://movie.douban.com/subject/6786002/,9.3,满满温情的高雅喜剧。
"['怦然心动', '\xa0/\xa0Flipped']",['\xa0/\xa0萌动青春  /  青春萌动'],https://movie.douban.com/subject/3319755/,9.1,真正的幸福是来自内心深处。
"['龙猫', '\xa0/\xa0となりのトトロ']",['\xa0/\xa0邻居托托罗  /  邻家的豆豆龙'],https://movie.douban.com/subject/1291560/,9.2,人人心中都有个龙猫，童年就永远不会消失。
"['末代皇帝', '\xa0/\xa0The Last Emperor']",['\xa0/\xa0末代皇帝溥仪(港)'],https://movie.douban.com/subject/1293172/,9.3,“不要跟我比惨，我比你更惨”再适合这部电影不过了。
"['寻梦环游记', '\xa0/\xa0Coco']",['\xa0/\xa0玩转极乐园(港)  /  可可夜总会(台)'],https://movie.douban.com/subject/20495023/,9.1,死亡不是真的逝去，遗忘才是永恒的消亡。
"['蝙蝠侠：黑暗骑士', '\xa0/\xa0The Dark Knight']",['\xa0/\xa0蝙蝠侠前传2：黑暗骑士  /  黑暗骑士(台)'],https://movie.douban.com/subject/1851857/,9.2,无尽的黑暗。
['活着'],['\xa0/\xa0人生  /  Lifetimes'],https://movie.douban.com/subject/1292365/,9.3,张艺谋最好的电影。
"['哈利·波特与魔法石', ""\xa0/\xa0Harry Potter and the Sorcerer's Stone""]",['\xa0/\xa0哈利波特1：神秘的魔法石(港 / 台) '],https://movie.douban.com/subject/1295038/,9.1,童话世界的开端。
"['指环王3：王者无敌', '\xa0/\xa0The Lord of the Rings: The Return of the King']",['\xa0/\xa0魔戒三部曲：王者再临(台 / 港) '],https://movie.douban.com/subject/1291552/,9.3,史诗的终章。
"['乱世佳人', '\xa0/\xa0Gone with the Wind']",['\xa0/\xa0飘'],https://movie.douban.com/subject/1300267/,9.3,Tomorrow is another day.
"['素媛', '\xa0/\xa0소원']",['\xa0/\xa0许愿  /  希望：为爱重生(台)'],https://movie.douban.com/subject/21937452/,9.3,受过伤害的人总是笑得最开心，因为他们不愿意让身边的人承受一样的痛苦。
"['飞屋环游记', '\xa0/\xa0Up']",['\xa0/\xa0冲天救兵(港)  /  天外奇迹(台)'],https://movie.douban.com/subject/2129039/,9.1,最后那些最无聊的事情，才是最值得怀念的。 
"['摔跤吧！爸爸', '\xa0/\xa0Dangal']",['\xa0/\xa0我和我的冠军女儿(台)  /  打死不离3父女(港)'],https://movie.douban.com/subject/26387939/,9.0,你不是在为你一个人战斗，你要让千千万万的女性看到女生并不是只能相夫教子。
['我不是药神'],['\xa0/\xa0中国药神  /  印度药神'],https://movie.douban.com/subject/26752088/,9.0,对我们国家而言，这样的电影多一部是一部。
"['何以为家', '\xa0/\xa0كفرناحوم']",['\xa0/\xa0迦百农  /  星仔打官司(港)'],https://movie.douban.com/subject/30170448/,9.1,凝视卑弱生命，用电影改变命运。
"['十二怒汉', '\xa0/\xa012 Angry Men']",['\xa0/\xa012怒汉  /  十二怒汉'],https://movie.douban.com/subject/1293182/,9.4,1957年的理想主义。 
"['哈尔的移动城堡', '\xa0/\xa0ハウルの動く城']",['\xa0/\xa0哈尔移动城堡(港)  /  霍尔的移动城堡(台)'],https://movie.douban.com/subject/1308807/,9.1,带着心爱的人在天空飞翔。
"['少年派的奇幻漂流', '\xa0/\xa0Life of Pi']",['\xa0/\xa0少年Pi的奇幻漂流  /  漂流少年Pi'],https://movie.douban.com/subject/1929463/,9.1,瑰丽壮观、无人能及的冒险之旅。
['鬼子来了'],['\xa0/\xa0Devils on the Doorstep'],https://movie.douban.com/subject/1291858/,9.3,对敌人的仁慈，就是对自己残忍。
"['猫鼠游戏', '\xa0/\xa0Catch Me If You Can']",['\xa0/\xa0逍遥法外  /  捉智双雄(港)'],https://movie.douban.com/subject/1305487/,9.1,骗子大师和执著警探的你追我跑故事。 
"['大话西游之月光宝盒', '\xa0/\xa0西遊記第壹佰零壹回之月光寶盒']",['\xa0/\xa0西游记101回月光宝盒  /  齐天大圣东游记'],https://movie.douban.com/subject/1299398/,9.0,旷古烁今。
"['天空之城', '\xa0/\xa0天空の城ラピュタ']",['\xa0/\xa0Tenkû no shiro Rapyuta  /  Laputa: Castle in the Sky'],https://movie.douban.com/subject/1291583/,9.1,对天空的追逐，永不停止。 
"['闻香识女人', '\xa0/\xa0Scent of a Woman']",['\xa0/\xa0女人香  /  女人的芳香'],https://movie.douban.com/subject/1298624/,9.1,史上最美的探戈。
"['钢琴家', '\xa0/\xa0The Pianist']",['\xa0/\xa0钢琴战曲(港)  /  战地琴人(台)'],https://movie.douban.com/subject/1296736/,9.3,音乐能化解仇恨。
"['天堂电影院', '\xa0/\xa0Nuovo Cinema Paradiso']",['\xa0/\xa0星光伴我心(港)  /  新天堂乐园(台)'],https://movie.douban.com/subject/1291828/,9.2,那些吻戏，那些青春，都在影院的黑暗里被泪水冲刷得无比清晰。
"['指环王2：双塔奇兵', '\xa0/\xa0The Lord of the Rings: The Two Towers']",['\xa0/\xa0魔戒二部曲：双城奇谋  /  指环王II：双塔'],https://movie.douban.com/subject/1291572/,9.2,承前启后的史诗篇章。
['让子弹飞'],['\xa0/\xa0让子弹飞一会儿  /  火烧云'],https://movie.douban.com/subject/3742360/,8.9,你给我翻译翻译，神马叫做TMD的惊喜。
"['罗马假日', '\xa0/\xa0Roman Holiday']",['\xa0/\xa0金枝玉叶(港)  /  罗马假期(台)'],https://movie.douban.com/subject/1293839/,9.1,爱情哪怕只有一天。
"['海蒂和爷爷', '\xa0/\xa0Heidi']",['\xa0/\xa0飘零燕(港)  /  海蒂'],https://movie.douban.com/subject/25958717/,9.3,如果生活中有什么使你感到快乐，那就去做吧！不要管别人说什么。
"['黑客帝国', '\xa0/\xa0The Matrix']",['\xa0/\xa022世纪杀人网络(港)  /  廿二世纪杀人网络(港)'],https://movie.douban.com/subject/1291843/,9.1,视觉革命。
"['指环王1：护戒使者', '\xa0/\xa0The Lord of the Rings: The Fellowship of the Ring']",['\xa0/\xa0指环王1：魔戒再现  /  指环王I：护戒使者'],https://movie.douban.com/subject/1291571/,9.1,传说的开始。
['大闹天宫'],['\xa0/\xa0大闹天宫 上下集  /  The Monkey King'],https://movie.douban.com/subject/1418019/,9.4,经典之作，历久弥新。
"['教父2', '\xa0/\xa0The Godfather: Part II']",['\xa0/\xa0教父续集(港)  /  教父II'],https://movie.douban.com/subject/1299131/,9.2,优雅的孤独。
"['死亡诗社', '\xa0/\xa0Dead Poets Society']",['\xa0/\xa0暴雨骄阳(港)  /  春风化雨(台)'],https://movie.douban.com/subject/1291548/,9.1,当一个死水般的体制内出现一个活跃的变数时，所有的腐臭都站在了光明的对面。
"['辩护人', '\xa0/\xa0변호인']",['\xa0/\xa0逆权大状(港)  /  正义辩护人(台)'],https://movie.douban.com/subject/21937445/,9.2,电影的现实意义大过电影本身。
"['绿皮书', '\xa0/\xa0Green Book']",['\xa0/\xa0绿簿旅友(港)  /  幸福绿皮书(台)'],https://movie.douban.com/subject/27060077/,8.9,去除成见，需要勇气。
"['狮子王', '\xa0/\xa0The Lion King']",['\xa0/\xa0狮子王3D'],https://movie.douban.com/subject/1301753/,9.1,动物版《哈姆雷特》。
"['搏击俱乐部', '\xa0/\xa0Fight Club']",['\xa0/\xa0搏击会(港)  /  斗阵俱乐部(台)'],https://movie.douban.com/subject/1292000/,9.0,邪恶与平庸蛰伏于同一个母体，在特定的时间互相对峙。
"['饮食男女', '\xa0/\xa0飲食男女']",['\xa0/\xa0Eat Drink Man Woman'],https://movie.douban.com/subject/1291818/,9.2,人生不能像做菜，把所有的料都准备好了才下锅。
"['美丽心灵', '\xa0/\xa0A Beautiful Mind']",['\xa0/\xa0有你终生美丽(港)  /  美丽境界(台)'],https://movie.douban.com/subject/1306029/,9.1,爱是一切逻辑和原由。
"['本杰明·巴顿奇事', '\xa0/\xa0The Curious Case of Benjamin Button']",['\xa0/\xa0奇幻逆缘(港)  /  班杰明的奇幻旅程(台)'],https://movie.douban.com/subject/1485260/,9.0,在时间之河里感受溺水之苦。
"['窃听风暴', '\xa0/\xa0Das Leben der Anderen']",['\xa0/\xa0窃听者(港)  /  他人的生活'],https://movie.douban.com/subject/1900841/,9.2,别样人生。
"['情书', '\xa0/\xa0Love Letter']",['\xa0/\xa0When I Close My Eyes  /  Letters of Love'],https://movie.douban.com/subject/1292220/,8.9,暗恋的极致。
"['穿条纹睡衣的男孩', '\xa0/\xa0The Boy in the Striped Pajamas']",['\xa0/\xa0穿条纹衣服的男孩  /  穿条纹衣的男孩'],https://movie.douban.com/subject/3008247/,9.2,尽管有些不切实际的幻想，这部电影依旧是一部感人肺腑的佳作。
"['两杆大烟枪', '\xa0/\xa0Lock, Stock and Two Smoking Barrels']",['\xa0/\xa0够姜四小强(港)  /  两根枪管(台)'],https://movie.douban.com/subject/1293350/,9.1,4个臭皮匠顶个诸葛亮，盖·里奇果然不是盖的。
"['西西里的美丽传说', '\xa0/\xa0Malèna']",['\xa0/\xa0真爱伴我行(台)  /  玛莲娜'],https://movie.douban.com/subject/1292402/,8.9,美丽无罪。
"['看不见的客人', '\xa0/\xa0Contratiempo']",['\xa0/\xa0死无对证(港)  /  布局(台)'],https://movie.douban.com/subject/26580232/,8.8,你以为你以为的就是你以为的。
"['拯救大兵瑞恩', '\xa0/\xa0Saving Private Ryan']",['\xa0/\xa0雷霆救兵(港)  /  抢救雷恩大兵(台)'],https://movie.douban.com/subject/1292849/,9.1,美利坚精神输出大片No1.
"['音乐之声', '\xa0/\xa0The Sound of Music']",['\xa0/\xa0仙乐飘飘处处闻(港)  /  真善美(台)'],https://movie.douban.com/subject/1294408/,9.1,用音乐化解仇恨，让歌声串起美好。
"['飞越疯人院', ""\xa0/\xa0One Flew Over the Cuckoo's Nest""]",['\xa0/\xa0飞越杜鹃窝(台)  /  飞越喜鹊巢'],https://movie.douban.com/subject/1292224/,9.1,自由万岁。
"['小鞋子', '\xa0/\xa0بچه های آسمان']",['\xa0/\xa0天堂的孩子  /  小童鞋'],https://movie.douban.com/subject/1303021/,9.2,奔跑的孩子是天使。
"['阿凡达', '\xa0/\xa0Avatar']",['\xa0/\xa0天神下凡(港)  /  化身'],https://movie.douban.com/subject/1652587/,8.8,绝对意义上的美轮美奂。
"['哈利·波特与死亡圣器(下)', '\xa0/\xa0Harry Potter and the Deathly Hallows: Part 2']",['\xa0/\xa0哈利波特7：死神的圣物2(港 / 台) '],https://movie.douban.com/subject/3011235/,8.9,10年的完美句点。
"['沉默的羔羊', '\xa0/\xa0The Silence of the Lambs']",['\xa0/\xa0沉默的羔羊'],https://movie.douban.com/subject/1293544/,8.9,安东尼·霍普金斯的顶级表演。
"['海豚湾', '\xa0/\xa0The Cove']",['\xa0/\xa0血色海湾(台)  /  海湾'],https://movie.douban.com/subject/3442220/,9.3,海豚的微笑，是世界上最高明的伪装。
"['致命魔术', '\xa0/\xa0The Prestige']",['\xa0/\xa0死亡魔法(港)  /  顶尖对决(台)'],https://movie.douban.com/subject/1780330/,8.9,孪生蝙蝠侠大战克隆金刚狼。
"['禁闭岛', '\xa0/\xa0Shutter Island']",['\xa0/\xa0不赦岛(港)  /  隔离岛(台)'],https://movie.douban.com/subject/2334904/,8.8,昔日翩翩少年，今日大腹便便。
"['布达佩斯大饭店', '\xa0/\xa0The Grand Budapest Hotel']",['\xa0/\xa0布达佩斯大酒店(港)  /  欢迎来到布达佩斯大饭店(台)'],https://movie.douban.com/subject/11525673/,8.9,小清新的故事里注入了大历史的情怀。
"['蝴蝶效应', '\xa0/\xa0The Butterfly Effect']",['\xa0/\xa0蝴蝶效应'],https://movie.douban.com/subject/1292343/,8.8,人的命运被自己瞬间的抉择改变。
"['美国往事', '\xa0/\xa0Once Upon a Time in America']",['\xa0/\xa0四海兄弟(台)  /  义薄云天(港)'],https://movie.douban.com/subject/1292262/,9.2,往事如烟，无处祭奠。
"['心灵捕手', '\xa0/\xa0Good Will Hunting']",['\xa0/\xa0骄阳似我(港)  /  心灵捕手'],https://movie.douban.com/subject/1292656/,8.9,人生中应该拥有这样的一段豁然开朗。
"['低俗小说', '\xa0/\xa0Pulp Fiction']",['\xa0/\xa0危险人物(港)  /  黑色追缉令(台)'],https://movie.douban.com/subject/1291832/,8.9,故事的高级讲法。
"['春光乍泄', '\xa0/\xa0春光乍洩']",['\xa0/\xa0一起快乐  /  Happy Together'],https://movie.douban.com/subject/1292679/,9.0,爱情纠缠，男女一致。
"['摩登时代', '\xa0/\xa0Modern Times']",['\xa0/\xa0The Masses  /  Les Temps modernes'],https://movie.douban.com/subject/1294371/,9.3,大时代中的人生，小人物的悲喜。
"['七宗罪', '\xa0/\xa0Se7en']",['\xa0/\xa0火线追缉令(台)  /  7宗罪'],https://movie.douban.com/subject/1292223/,8.8,警察抓小偷，老鼠玩死猫。
"['喜剧之王', '\xa0/\xa0喜劇之王']",['\xa0/\xa0King of Comedy'],https://movie.douban.com/subject/1302425/,8.8,我是一个演员。
"['致命ID', '\xa0/\xa0Identity']",['\xa0/\xa0杀人游戏  /  致命身份'],https://movie.douban.com/subject/1297192/,8.8,最不可能的那个人永远是最可能的。
"['杀人回忆', '\xa0/\xa0살인의 추억']",['\xa0/\xa0谋杀回忆  /  杀手回忆录'],https://movie.douban.com/subject/1300299/,8.9,关于连环杀人悬案的集体回忆。
['功夫'],['\xa0/\xa0功夫3D  /  Kung Fu Hustle'],https://movie.douban.com/subject/1291543/,8.7,警恶惩奸，维护世界和平这个任务就交给你了，好吗？
"['超脱', '\xa0/\xa0Detachment']",['\xa0/\xa0人间师格(台)'],https://movie.douban.com/subject/5322596/,9.0,穷尽一生，我们要学会的，不过是彼此拥抱。
"['哈利·波特与阿兹卡班的囚徒', '\xa0/\xa0Harry Potter and the Prisoner of Azkaban']",['\xa0/\xa0哈利波特3：阿兹卡班的逃犯(港 / 台) '],https://movie.douban.com/subject/1291544/,8.9,不一样的导演，不一样的哈利·波特。
"['加勒比海盗', '\xa0/\xa0Pirates of the Caribbean: The Curse of the Black Pearl']",['\xa0/\xa0加勒比海盗1：黑珍珠号的诅咒  /  神鬼奇航：鬼盗船魔咒(台)'],https://movie.douban.com/subject/1298070/,8.8,约翰尼·德普的独角戏。
"['红辣椒', '\xa0/\xa0パプリカ']",['\xa0/\xa0盗梦侦探(港 / 台) '],https://movie.douban.com/subject/1865703/,9.0,梦的勾结。
"['被嫌弃的松子的一生', '\xa0/\xa0嫌われ松子の一生']",['\xa0/\xa0花样奇缘(港)  /  令人讨厌的松子的一生(台)'],https://movie.douban.com/subject/1787291/,8.9,以戏谑来戏谑戏谑。
"['狩猎', '\xa0/\xa0Jagten']",['\xa0/\xa0诬网(港)  /  谎言的烙印(台)'],https://movie.douban.com/subject/6985810/,9.1,人言可畏。
"['请以你的名字呼唤我', '\xa0/\xa0Call Me by Your Name']",['\xa0/\xa0以你的名字呼唤我(港 / 台) '],https://movie.douban.com/subject/26799731/,8.9,沉醉在电影的情感和视听氛围中无法自拔。
"['7号房的礼物', '\xa0/\xa07번방의 선물']",['\xa0/\xa0戆爸的礼物(港)  /  7号囚房的礼物'],https://movie.douban.com/subject/10777687/,8.9,《我是山姆》的《美丽人生》。
"['剪刀手爱德华', '\xa0/\xa0Edward Scissorhands']",['\xa0/\xa0幻海奇缘(港)  /  剪刀手爱德华'],https://movie.douban.com/subject/1292370/,8.7,浪漫忧郁的成人童话。
"['勇敢的心', '\xa0/\xa0Braveheart']",['\xa0/\xa0惊世未了缘(港)  /  梅尔吉勃逊之英雄本色(台)'],https://movie.douban.com/subject/1294639/,8.9,史诗大片的典范。
"['断背山', '\xa0/\xa0Brokeback Mountain']",['\xa0/\xa0断臂山  /  BBM'],https://movie.douban.com/subject/1418834/,8.8,每个人心中都有一座断背山。
"['唐伯虎点秋香', '\xa0/\xa0唐伯虎點秋香']",['\xa0/\xa0Flirting Scholar'],https://movie.douban.com/subject/1306249/,8.7,华太师是黄霑，吴镇宇四大才子之一。
"['入殓师', '\xa0/\xa0おくりびと']",['\xa0/\xa0礼仪师之奏鸣曲(港)  /  礼仪师(台)'],https://movie.douban.com/subject/2149806/,8.9,死可能是一道门，逝去并不是终结，而是超越，走向下一程。
"['第六感', '\xa0/\xa0The Sixth Sense']",['\xa0/\xa0鬼眼(港)  /  灵异第六感(台)'],https://movie.douban.com/subject/1297630/,8.9,深入内心的恐怖，出人意料的结局。
"['天使爱美丽', ""\xa0/\xa0Le fabuleux destin d'Amélie Poulain""]",['\xa0/\xa0艾蜜莉的异想世界(台)  /  天使艾米莉'],https://movie.douban.com/subject/1292215/,8.7,法式小清新。 
"['哈利·波特与密室', '\xa0/\xa0Harry Potter and the Chamber of Secrets']",['\xa0/\xa0哈利波特2：消失的密室(港 / 台) '],https://movie.douban.com/subject/1296996/,8.8,魔法的密室之门已打开...
"['爱在黎明破晓前', '\xa0/\xa0Before Sunrise']",['\xa0/\xa0情留半天(港)  /  爱在黎明破晓时(台)'],https://movie.douban.com/subject/1296339/,8.8,缘分是个连绵词，最美不过一瞬。
['一一'],['\xa0/\xa0Yi yi  /  Yi yi: A One and a Two'],https://movie.douban.com/subject/1292434/,9.1,我们都曾经是一一。
"['重庆森林', '\xa0/\xa0重慶森林']",['\xa0/\xa0Chungking Express'],https://movie.douban.com/subject/1291999/,8.8,寂寞没有期限。
"['幽灵公主', '\xa0/\xa0もののけ姫']",['\xa0/\xa0魔法公主(港 / 台) '],https://movie.douban.com/subject/1297359/,8.9,人与自然的战争史诗。
"['蝙蝠侠：黑暗骑士崛起', '\xa0/\xa0The Dark Knight Rises']",['\xa0/\xa0蝙蝠侠前传3：黑暗骑士崛起  /  黑暗骑士：黎明升起(台)'],https://movie.douban.com/subject/3395373/,8.8,诺兰就是保证。
"['小森林 夏秋篇', '\xa0/\xa0リトル・フォレスト 夏・秋']",['\xa0/\xa0小森食光 / 夏秋篇(台) '],https://movie.douban.com/subject/25814705/,9.0,那些静得只能听见呼吸的日子里，你明白孤独即生活。
['阳光灿烂的日子'],['\xa0/\xa0In the Heat of the Sun'],https://movie.douban.com/subject/1291875/,8.8,一场华丽的意淫。
"['菊次郎的夏天', '\xa0/\xa0菊次郎の夏']",['\xa0/\xa0菊次郎之夏  /  Kikujirô no natsu'],https://movie.douban.com/subject/1293359/,8.9,从没见过那么流氓的温柔，从没见过那么温柔的流氓。
"['超能陆战队', '\xa0/\xa0Big Hero 6']",['\xa0/\xa0大英雄联盟(港)  /  大英雄天团(台)'],https://movie.douban.com/subject/11026735/,8.7,Balalala~~~
"['完美的世界', '\xa0/\xa0A Perfect World']",['\xa0/\xa0强盗保镳'],https://movie.douban.com/subject/1300992/,9.1,坏人的好总是比好人的好来得更感人。
"['无人知晓', '\xa0/\xa0誰も知らない']",['\xa0/\xa0谁知赤子心(港)  /  无人知晓的夏日清晨(台)'],https://movie.douban.com/subject/1292337/,9.1,我的平常生活就是他人的幸福。
"['爱在日落黄昏时', '\xa0/\xa0Before Sunset']",['\xa0/\xa0日落巴黎(港)  /  爱在日落巴黎时(台)'],https://movie.douban.com/subject/1291990/,8.9,九年后的重逢是世俗和责任的交叠，没了悸动和青涩，沧桑而温暖。
"['消失的爱人', '\xa0/\xa0Gone Girl']",['\xa0/\xa0失踪的女孩  /  失踪女孩'],https://movie.douban.com/subject/21318488/,8.7,年度最佳date movie。
"['小森林 冬春篇', '\xa0/\xa0リトル・フォレスト 冬・春']",['\xa0/\xa0小森食光 / 冬春篇(台) '],https://movie.douban.com/subject/25814707/,9.0,尊敬他人，尊敬你生活的这片土地，明白孤独是人生的常态。
"['借东西的小人阿莉埃蒂', '\xa0/\xa0借りぐらしのアリエッティ']",['\xa0/\xa0借物少女艾莉缇(台)  /  借东西的小矮人亚莉亚蒂(港)'],https://movie.douban.com/subject/4202302/,8.9,曾经的那段美好会沉淀为一辈子的记忆。
['倩女幽魂'],['\xa0/\xa0倩女幽魂(87版)  /  倩女幽魂：妖魔道'],https://movie.douban.com/subject/1297447/,8.8,两张绝世的脸。 
['甜蜜蜜'],['\xa0/\xa0Comrades: Almost a Love Story'],https://movie.douban.com/subject/1305164/,8.9,相逢只要一瞬间，等待却像是一辈子。
"['侧耳倾听', '\xa0/\xa0耳をすませば']",['\xa0/\xa0心之谷(台)  /  梦幻街少女(港)'],https://movie.douban.com/subject/1297052/,8.9,少女情怀总是诗。
"['幸福终点站', '\xa0/\xa0The Terminal']",['\xa0/\xa0机场客运站(港)  /  航站情缘(台)'],https://movie.douban.com/subject/1292274/,8.8,有时候幸福需要等一等。 
"['时空恋旅人', '\xa0/\xa0About Time']",['\xa0/\xa0回到最爱的一天(港)  /  真爱每一天(台)'],https://movie.douban.com/subject/10577869/,8.8,把每天当作最后一天般珍惜度过，积极拥抱生活，就是幸福。
"['驯龙高手', '\xa0/\xa0How to Train Your Dragon']",['\xa0/\xa0驯龙记(港)'],https://movie.douban.com/subject/2353023/,8.7,和谐的生活离不开摸头与被摸头。
"['萤火之森', '\xa0/\xa0蛍火の杜へ']",['\xa0/\xa0萤火之社  /  Hotarubi no mori e'],https://movie.douban.com/subject/5989818/,8.9,触不到的恋人。
"['玛丽和马克思', '\xa0/\xa0Mary and Max']",['\xa0/\xa0巧克力情缘(台)  /  同是天涯寂寞客'],https://movie.douban.com/subject/3072124/,8.9,你是我最好的朋友，你是我唯一的朋友 。
"['怪兽电力公司', '\xa0/\xa0Monsters, Inc.']",['\xa0/\xa0怪兽公司(港)  /  怪物公司'],https://movie.douban.com/subject/1291579/,8.8,不要给它起名字，起了名字就有感情了。
"['教父3', '\xa0/\xa0The Godfather: Part III']",['\xa0/\xa0教父第三集  /  教父 III'],https://movie.douban.com/subject/1294240/,9.0,任何信念的力量，都无法改变命运。
"['一个叫欧维的男人决定去死', '\xa0/\xa0En man som heter Ove']",['\xa0/\xa0明天别再来敲门(台)  /  想死冇咁易(港)'],https://movie.douban.com/subject/26628357/,8.9,惠及一生的美丽。
"['大鱼', '\xa0/\xa0Big Fish']",['\xa0/\xa0大鱼奇缘(港)  /  大智若鱼(台)'],https://movie.douban.com/subject/1291545/,8.8,抱着梦想而活着的人是幸福的，怀抱梦想而死去的人是不朽的。
"['玩具总动员3', '\xa0/\xa0Toy Story 3']",['\xa0/\xa0反斗奇兵3(港)  /  玩具的故事3'],https://movie.douban.com/subject/1858711/,8.9,跨度十五年的欢乐与泪水。
['告白'],['\xa0/\xa0自白  /  母亲'],https://movie.douban.com/subject/4268598/,8.8,没有一人完全善，也没有一人完全恶。
"['傲慢与偏见', '\xa0/\xa0Pride & Prejudice']",['\xa0/\xa0傲慢与偏见2005  /  Pride And Prejudice'],https://movie.douban.com/subject/1418200/,8.7,爱是摈弃傲慢与偏见之后的曙光。
"['寄生虫', '\xa0/\xa0기생충']",['\xa0/\xa0寄生上流(台)  /  上流寄生族(港)'],https://movie.douban.com/subject/27010768/,8.8,
"['神偷奶爸', '\xa0/\xa0Despicable Me']",['\xa0/\xa0卑鄙的我  /  坏蛋奖门人(港)'],https://movie.douban.com/subject/3287562/,8.6,Mr. I Don't Care其实也有Care的时候。
"['釜山行', '\xa0/\xa0부산행']",['\xa0/\xa0尸杀列车(港)  /  尸速列车(台)'],https://movie.douban.com/subject/25986180/,8.6,揭露人性的丧尸题材力作。
"['阳光姐妹淘', '\xa0/\xa0써니']",['\xa0/\xa0阳光姊妹淘(港)  /  桑尼'],https://movie.douban.com/subject/4917726/,8.8,再多各自牛逼的时光，也比不上一起傻逼的岁月。 
"['射雕英雄传之东成西就', '\xa0/\xa0射鵰英雄傳之東成西就']",['\xa0/\xa0东成西就  /  大英雄 (日本)'],https://movie.douban.com/subject/1316510/,8.7,百看不厌。 
"['被解救的姜戈', '\xa0/\xa0Django Unchained']",['\xa0/\xa0被解放的姜戈  /  决杀令(台)'],https://movie.douban.com/subject/6307447/,8.8,热血沸腾，那个低俗、性感的无耻混蛋又来了。
"['未麻的部屋', '\xa0/\xa0Perfect Blue']",['\xa0/\xa0蓝色恐惧(港 / 台) '],https://movie.douban.com/subject/1395091/,9.0,好的剧本是，就算你猜到了结局也猜不到全部。
"['恐怖直播', '\xa0/\xa0더 테러 라이브']",['\xa0/\xa0死亡“动”新闻(港)  /  恐怖攻击直播(台)'],https://movie.douban.com/subject/21360417/,8.7,恐怖分子的“秋菊打官司”。
['哪吒闹海'],"[""\xa0/\xa0Prince Nezha's Triumph Against Dragon King  /  Nezha Conquers the Dragon King""]",https://movie.douban.com/subject/1307315/,9.1,想你时你在闹海。
"['我是山姆', '\xa0/\xa0I Am Sam']",['\xa0/\xa0不一样的爸爸(港)  /  他不笨，他是我爸爸(台)'],https://movie.douban.com/subject/1306861/,9.0,爱并不需要智商 。
"['哈利·波特与火焰杯', '\xa0/\xa0Harry Potter and the Goblet of Fire']",['\xa0/\xa0哈利波特4：火杯的考验(港 / 台) '],https://movie.douban.com/subject/1309055/,8.7,
"['血战钢锯岭', '\xa0/\xa0Hacksaw Ridge']",['\xa0/\xa0钢锯岭  /  钢铁英雄(台)'],https://movie.douban.com/subject/26325320/,8.7,优秀的战争片不会美化战场，不会粉饰死亡，不会矮化敌人，不会无视常识，最重要的，不会宣扬战争。
"['头号玩家', '\xa0/\xa0Ready Player One']",['\xa0/\xa0玩家一号  /  挑战者1号(港)'],https://movie.douban.com/subject/4920389/,8.7,写给影迷，动漫迷和游戏迷的一封情书。
"['新世界', '\xa0/\xa0신세계']",['\xa0/\xa0暗黑新世界(台)  /  New World'],https://movie.douban.com/subject/10437779/,8.9,要做就做得狠一点，这样才能活下去。
"['模仿游戏', '\xa0/\xa0The Imitation Game']",['\xa0/\xa0解码游戏(港)  /  模拟游戏'],https://movie.douban.com/subject/10463953/,8.7,他给机器起名“克里斯托弗”，因为这是他初恋的名字。
"['喜宴', '\xa0/\xa0囍宴']",['\xa0/\xa0The Wedding Banquet'],https://movie.douban.com/subject/1303037/,9.0,中国家庭的喜怒哀乐忍。
"['七武士', '\xa0/\xa0七人の侍']",['\xa0/\xa0七侠四义(港)  /  七剑客(港)'],https://movie.douban.com/subject/1295399/,9.3,时代悲歌。
"['花样年华', '\xa0/\xa0花樣年華']",['\xa0/\xa0In the Mood for Love'],https://movie.douban.com/subject/1291557/,8.7,偷情本没有这样美。
"['黑客帝国3：矩阵革命', '\xa0/\xa0The Matrix Revolutions']",['\xa0/\xa022世纪杀人网络3：惊变世纪(港)  /  骇客任务完结篇：最后战役(台)'],https://movie.douban.com/subject/1302467/,8.8,不得不说，《黑客帝国》系列是商业片与科幻、哲学完美结合的典范。
"['头脑特工队', '\xa0/\xa0Inside Out']",['\xa0/\xa0玩转脑朋友(港)  /  脑筋急转弯(台)'],https://movie.douban.com/subject/10533913/,8.8,愿我们都不用长大，每一座城堡都能永远存在。
"['电锯惊魂', '\xa0/\xa0Saw']",['\xa0/\xa0恐惧斗室(港)  /  夺魂锯(台)'],https://movie.douban.com/subject/1417598/,8.7,真相就在眼前。
"['三块广告牌', '\xa0/\xa0Three Billboards Outside Ebbing, Missouri']",['\xa0/\xa0广告牌杀人事件(港)  /  意外(台)'],https://movie.douban.com/subject/26611804/,8.7,怼天怼地，你走后，她与世界为敌。
"['卢旺达饭店', '\xa0/\xa0Hotel Rwanda']",['\xa0/\xa0卢安达饭店(台)'],https://movie.douban.com/subject/1291822/,8.9,当这个世界闭上双眼，他却敞开了怀抱。
"['你的名字。', '\xa0/\xa0君の名は。']",['\xa0/\xa0你的名字  /  君之名'],https://movie.douban.com/subject/26683290/,8.5,穿越错位的时空，仰望陨落的星辰，你没留下你的名字，我却无法忘记那句“我爱你”。
"['达拉斯买家俱乐部', '\xa0/\xa0Dallas Buyers Club']",['\xa0/\xa0续命枭雄(港)  /  药命俱乐部(台)'],https://movie.douban.com/subject/1793929/,8.8,Jared Leto的腿比女人还美！
"['疯狂原始人', '\xa0/\xa0The Croods']",['\xa0/\xa0古鲁家族(港 / 台) '],https://movie.douban.com/subject/1907966/,8.7,老少皆宜，这就是好莱坞动画的魅力。
"['上帝之城', '\xa0/\xa0Cidade de Deus']",['\xa0/\xa0无主之城 (港)  /  无法无天 (台)'],https://movie.douban.com/subject/1292208/,9.0,被上帝抛弃了的上帝之城。
"['谍影重重3', '\xa0/\xa0The Bourne Ultimatum']",['\xa0/\xa0叛谍追击3：最后通牒(港)  /  神鬼认证：最后通牒 (台)'],https://movie.douban.com/subject/1578507/,8.8,像吃了苏打饼一样干脆的电影。
['英雄本色'],['\xa0/\xa0A Better Tomorrow  /  Gangland Boss'],https://movie.douban.com/subject/1297574/,8.6,英雄泪短，兄弟情长。 
"['风之谷', '\xa0/\xa0風の谷のナウシカ']",['\xa0/\xa0风谷少女  /  Kaze no tani no Naushika'],https://movie.douban.com/subject/1291585/,8.9,动画片的圣经。
['心迷宫'],['\xa0/\xa0殡棺  /  The Coffin in the Mountain'],https://movie.douban.com/subject/25917973/,8.7,荒诞讽刺，千奇百巧，抽丝剥茧，百转千回。
['九品芝麻官'],['\xa0/\xa0九品芝麻官之白面包青天  /  Hail the Judge'],https://movie.douban.com/subject/1297518/,8.7,
"['惊魂记', '\xa0/\xa0Psycho']",['\xa0/\xa0精神病患者  /  触目惊心(港)'],https://movie.douban.com/subject/1293181/,9.0,故事的反转与反转，分裂电影的始祖。
"['纵横四海', '\xa0/\xa0緃横四海']",['\xa0/\xa0Once a Thief'],https://movie.douban.com/subject/1295409/,8.8,香港浪漫主义警匪动作片的巅峰之作。
"['海街日记', '\xa0/\xa0海街diary']",['\xa0/\xa0海街女孩日记(港)  /  Kamakura Diary'],https://movie.douban.com/subject/25895901/,8.8,是枝裕和的家庭习作。
"['岁月神偷', '\xa0/\xa0歲月神偷']",['\xa0/\xa01969太空漫游  /  Echoes Of The Rainbow'],https://movie.douban.com/subject/3792799/,8.7,岁月流逝，来日可追。
"['记忆碎片', '\xa0/\xa0Memento']",['\xa0/\xa0凶心人(港)  /  记忆拼图(台)'],https://movie.douban.com/subject/1304447/,8.7,一个针管引发的血案。
"['忠犬八公物语', '\xa0/\xa0ハチ公物語']",['\xa0/\xa0八千公物语  /  阿八的故事'],https://movie.douban.com/subject/1959195/,9.2,养狗三日，便会对你终其一生。
"['荒蛮故事', '\xa0/\xa0Relatos salvajes']",['\xa0/\xa0蛮荒故事  /  生命中最抓狂的小事(台)'],https://movie.douban.com/subject/24750126/,8.8,始于荒诞，止于更荒诞。
"['爱在午夜降临前', '\xa0/\xa0Before Midnight']",['\xa0/\xa0情约半生(港)  /  爱在午夜希腊时(台)'],https://movie.douban.com/subject/10808442/,8.8,所谓爱情，就是话唠一路，都不会心生腻烦，彼此嫌弃。
"['绿里奇迹', '\xa0/\xa0The Green Mile']",['\xa0/\xa0绿色奇迹(台)  /  绿色英里'],https://movie.douban.com/subject/1300374/,8.9,天使暂时离开。
"['爆裂鼓手', '\xa0/\xa0Whiplash']",['\xa0/\xa0鼓动真我(港)  /  进击的鼓手(台)'],https://movie.douban.com/subject/25773932/,8.7,这个世界从不善待努力的人，努力了也不一定会成功，但是知道自己在努力，就是活下去的动力。
['色，戒'],['\xa0/\xa0色|戒  /  色·戒'],https://movie.douban.com/subject/1828115/,8.6,假戏真情，爱欲深海
"['小偷家族', '\xa0/\xa0万引き家族']",['\xa0/\xa0Shoplifters  /  Une Affaire de Famille'],https://movie.douban.com/subject/27622447/,8.7,我们组成了家。
"['贫民窟的百万富翁', '\xa0/\xa0Slumdog Millionaire']",['\xa0/\xa0一百万零一夜(港)  /  贫民百万富翁(台)'],https://movie.douban.com/subject/2209573/,8.6,上帝之城+猜火车+阿甘正传+开心辞典=山寨富翁
"['真爱至上', '\xa0/\xa0Love Actually']",['\xa0/\xa0真的恋爱了(港)  /  爱是您，爱是我(台)'],https://movie.douban.com/subject/1292401/,8.6,爱，是个动词。
"['无敌破坏王', '\xa0/\xa0Wreck-It Ralph']",['\xa0/\xa0破坏王拉尔夫  /  破坏王大冒险'],https://movie.douban.com/subject/6534248/,8.7,迪士尼和皮克斯拿错剧本的产物。
"['东邪西毒', '\xa0/\xa0東邪西毒']",['\xa0/\xa0Ashes of Time'],https://movie.douban.com/subject/1292328/,8.6,电影诗。
['疯狂的石头'],['\xa0/\xa0Crazy Stone'],https://movie.douban.com/subject/1862151/,8.5,中国版《两杆大烟枪》。
"['冰川时代', '\xa0/\xa0Ice Age']",['\xa0/\xa0冰河世纪  /  冰原历险记'],https://movie.douban.com/subject/1291578/,8.6,松鼠才是角儿。
"['雨中曲', ""\xa0/\xa0Singin' in the Rain""]",['\xa0/\xa0万花嬉春(港 / 台) '],https://movie.douban.com/subject/1293460/,9.1,骨灰级歌舞片。
"['你看起来好像很好吃', '\xa0/\xa0おまえうまそうだな']",['\xa0/\xa0你看起来很好吃(台)  /  你看上去好像很好吃'],https://movie.douban.com/subject/4848115/,8.9,感情不分食草或者食肉。
"['黑天鹅', '\xa0/\xa0Black Swan']",['\xa0/\xa0夺命黑天鹅  /  霸王别鹅(豆友译名)'],https://movie.douban.com/subject/1978709/,8.6,黑暗之美。
"['恐怖游轮', '\xa0/\xa0Triangle']",['\xa0/\xa0汪洋血迷宮(台)  /  轮回三角'],https://movie.douban.com/subject/3011051/,8.5,不要企图在重复中寻找已经失去的爱。
['茶馆'],['\xa0/\xa0The Teahouse'],https://movie.douban.com/subject/1461403/,9.5,
"['2001太空漫游', '\xa0/\xa02001: A Space Odyssey']",['\xa0/\xa02001：星际漫游  /  2001：太空奥德赛'],https://movie.douban.com/subject/1292226/,8.9,现代科幻电影的开山之作，最伟大导演的最伟大影片。
"['雨人', '\xa0/\xa0Rain Man']",['\xa0/\xa0手足情未了(港)  /  手足情深'],https://movie.douban.com/subject/1291870/,8.7,生活在自己的世界里，也可以让周围的人显得可笑和渺小。
"['魔女宅急便', '\xa0/\xa0魔女の宅急便']",['\xa0/\xa0魔女琪琪(台)  /  小魔女限时专送'],https://movie.douban.com/subject/1307811/,8.7,宫崎骏的电影总让人感觉世界是美好的，阳光明媚的。
"['恋恋笔记本', '\xa0/\xa0The Notebook']",['\xa0/\xa0忘了·忘不了(港)  /  手札情缘(台)'],https://movie.douban.com/subject/1309163/,8.6,爱情没有那么多借口，如果不能圆满，只能说明爱的不够。 
"['遗愿清单', '\xa0/\xa0The Bucket List']",['\xa0/\xa0玩转身前事(港)  /  一路玩到挂(台)'],https://movie.douban.com/subject/1867345/,8.7,用剩余不多的时间，去燃烧整个生命。
"['城市之光', '\xa0/\xa0City Lights']",['\xa0/\xa0City Lights: A Comedy Romance in Pantomime  /  Lichter der Großstadt'],https://movie.douban.com/subject/1293908/,9.3,永远的小人物，伟大的卓别林。
['可可西里'],['\xa0/\xa0Kekexili: Mountain Patrol'],https://movie.douban.com/subject/1308857/,8.9,坚硬的信仰。
['大佛普拉斯'],['\xa0/\xa0The Great Buddha+'],https://movie.douban.com/subject/27059130/,8.7,人们可以登上月球，却永远无法探索人们内心的宇宙。
"['萤火虫之墓', '\xa0/\xa0火垂るの墓']",['\xa0/\xa0再见萤火虫(港)  /  萤火挽歌'],https://movie.douban.com/subject/1293318/,8.7,幸福是生生不息，却难以触及的远。 
"['无间道2', '\xa0/\xa0無間道II']",['\xa0/\xa0无间道前传  /  Infernal Affairs II'],https://movie.douban.com/subject/1307106/,8.7,
"['牯岭街少年杀人事件', '\xa0/\xa0牯嶺街少年殺人事件']",['\xa0/\xa0A Brighter Summer Day'],https://movie.douban.com/subject/1292329/,8.9,弱者送给弱者的一刀。
"['虎口脱险', '\xa0/\xa0La grande vadrouille']",['\xa0/\xa0横冲直撞出重围(港)  /  大進擊(台)'],https://movie.douban.com/subject/1296909/,8.9,永远看不腻的喜剧。
"['源代码', '\xa0/\xa0Source Code']",['\xa0/\xa0启动原始码(台)  /  危机解密(港)'],https://movie.douban.com/subject/3075287/,8.5,邓肯·琼斯继《月球》之后再度奉献出一部精彩绝伦的科幻佳作。
"['人工智能', '\xa0/\xa0Artificial Intelligence: AI']",['\xa0/\xa0AI人工智慧'],https://movie.douban.com/subject/1302827/,8.7,对爱的执着，可以超越一切。
['背靠背，脸对脸'],"['\xa0/\xa0背对背，脸对脸  /  Back to Back, Face to Face']",https://movie.douban.com/subject/1307856/,9.5,
"['初恋这件小事', '\xa0/\xa0สิ่งเล็กเล็กที่เรียกว่า...รัก']",['\xa0/\xa0初恋那件小事(港)  /  暗恋那点小事'],https://movie.douban.com/subject/4739952/,8.5,黑小鸭速效美白记。
"['海边的曼彻斯特', '\xa0/\xa0Manchester by the Sea']",['\xa0/\xa0情系海边之城(港)'],https://movie.douban.com/subject/25980443/,8.6,我们都有权利不与自己的过去和解。
"['东京教父', '\xa0/\xa0東京ゴッドファーザーズ']",['\xa0/\xa0Tokyo Godfathers'],https://movie.douban.com/subject/1310177/,9.0,
"['小丑', '\xa0/\xa0Joker']",['\xa0/\xa0小丑起源电影：罗密欧  /  Romeo'],https://movie.douban.com/subject/27119724/,8.7,
"['罗生门', '\xa0/\xa0羅生門']",['\xa0/\xa0Rashomon'],https://movie.douban.com/subject/1291879/,8.8,人生的N种可能性。
"['终结者2：审判日', '\xa0/\xa0Terminator 2: Judgment Day']",['\xa0/\xa0未来战士2(港)  /  魔鬼终结者2(台)'],https://movie.douban.com/subject/1291844/,8.8,少见的超越首部的续集，动作片中的经典。
['青蛇'],['\xa0/\xa0Green Snake'],https://movie.douban.com/subject/1303394/,8.6,人生如此，浮生如斯。谁人言，花彼岸，此生情长意短。谁都是不懂爱的罢了。
"['奇迹男孩', '\xa0/\xa0Wonder']",['\xa0/\xa0奇迹'],https://movie.douban.com/subject/26787574/,8.6,世界不完美，爱会有奇迹。
['二十二'],['\xa0/\xa0Twenty Two  /  22'],https://movie.douban.com/subject/26430107/,8.7,有一些东西不应该被遗忘。
"['波西米亚狂想曲', '\xa0/\xa0Bohemian Rhapsody']",['\xa0/\xa0波希米亚狂想曲：摇滚传说(港)  /  波希米亚狂想曲(台)'],https://movie.douban.com/subject/5300054/,8.6,
"['房间', '\xa0/\xa0Room']",['\xa0/\xa0不存在的房间(台)  /  抖室(港)'],https://movie.douban.com/subject/25724855/,8.8,被偷走的岁月，被伤害的生命，被禁锢的灵魂，终将被希望和善意救赎。
"['疯狂的麦克斯4：狂暴之路', '\xa0/\xa0Mad Max: Fury Road']",['\xa0/\xa0末日先锋：战甲飞车(港)  /  疯狂麦斯：愤怒道(台)'],https://movie.douban.com/subject/3592854/,8.6,“多么美好的一天！”轰轰轰砰咚，啪哒哒哒轰隆隆，磅~
"['新龙门客栈', '\xa0/\xa0新龍門客棧']",['\xa0/\xa0New Dragon Gate Inn'],https://movie.douban.com/subject/1292287/,8.6,嬉笑怒骂，调风动月。
"['无耻混蛋', '\xa0/\xa0Inglourious Basterds']",['\xa0/\xa0希魔撞正杀人狂(港)  /  恶棍特工(台)'],https://movie.douban.com/subject/1438652/,8.6,昆汀同学越来越变态了，比北野武还杜琪峰。
"['血钻', '\xa0/\xa0Blood Diamond']",['\xa0/\xa0血钻石(台)  /  血腥钻石'],https://movie.douban.com/subject/1428175/,8.7,每个美丽事物背后都是滴血的现实。
"['魂断蓝桥', '\xa0/\xa0Waterloo Bridge']",['\xa0/\xa0滑铁卢桥  /  断桥残梦'],https://movie.douban.com/subject/1293964/,8.8,中国式内在的美国电影。
"['千钧一发', '\xa0/\xa0Gattaca']",['\xa0/\xa0变种异煞(港)  /  自然人'],https://movie.douban.com/subject/1300117/,8.8,一部能引人思考的科幻励志片。
"['步履不停', '\xa0/\xa0歩いても 歩いても']",['\xa0/\xa0横山家之味(港 / 台) '],https://movie.douban.com/subject/2222996/,8.8,日本的家庭电影已经是世界巅峰了，步履不停是巅峰中的佳作。
"['黑客帝国2：重装上阵', '\xa0/\xa0The Matrix Reloaded']",['\xa0/\xa022世纪杀人网络2：决战未来(港)  /  骇客任务：重装上阵(台)'],https://movie.douban.com/subject/1304141/,8.7,一个精彩的世界观正在缓缓建立。
"['彗星来的那一夜', '\xa0/\xa0Coherence']",['\xa0/\xa0相干性  /  相干效应'],https://movie.douban.com/subject/25807345/,8.5,小成本大魅力。
"['心灵奇旅', '\xa0/\xa0Soul']",['\xa0/\xa0灵魂奇遇记(港)  /  灵魂急转弯(台)'],https://movie.douban.com/subject/24733428/,8.7,
"['战争之王', '\xa0/\xa0Lord of War']",['\xa0/\xa0军火之王(台 / 港) '],https://movie.douban.com/subject/1419936/,8.7,做一颗让别人需要你的棋子。
"['崖上的波妞', '\xa0/\xa0崖の上のポニョ']",['\xa0/\xa0悬崖上的金鱼姬  /  悬崖上的金鱼公主'],https://movie.douban.com/subject/1959877/,8.6,
"['爱乐之城', '\xa0/\xa0La La Land']",['\xa0/\xa0星声梦里人(港)  /  乐来越爱你(台)'],https://movie.douban.com/subject/25934014/,8.4,
"['谍影重重2', '\xa0/\xa0The Bourne Supremacy']",['\xa0/\xa0叛谍追击2：机密圈套(港)  /  神鬼认证：神鬼疑云(台)'],https://movie.douban.com/subject/1308767/,8.7,谁说王家卫镜头很晃？
"['燃情岁月', '\xa0/\xa0Legends of the Fall']",['\xa0/\xa0秋日传奇  /  真爱一世情(台)'],https://movie.douban.com/subject/1295865/,8.8,传奇，不是每个人都可以拥有。
"['阿飞正传', '\xa0/\xa0阿飛正傳']",['\xa0/\xa0Days of Being Wild'],https://movie.douban.com/subject/1305690/,8.5,王家卫是一种风格，张国荣是一个代表。
"['海洋', '\xa0/\xa0Océans']",['\xa0/\xa0Oceans  /  海洋'],https://movie.douban.com/subject/3443389/,9.1,大海啊，不全是水。
"['谍影重重', '\xa0/\xa0The Bourne Identity']",['\xa0/\xa0叛谍追击(港)  /  神鬼认证(台)'],https://movie.douban.com/subject/1304102/,8.6,哗啦啦啦啦，天在下雨，哗啦啦啦啦，云在哭泣……找自己。
"['再次出发之纽约遇见你', '\xa0/\xa0Begin Again']",['\xa0/\xa0再次出发  /  歌曲改变人生'],https://movie.douban.com/subject/6874403/,8.6,爱我就给我看你的播放列表。
"['末路狂花', '\xa0/\xa0Thelma & Louise']",['\xa0/\xa0塞尔玛与路易丝  /  末路狂花'],https://movie.douban.com/subject/1291992/,8.9,没有了退路，只好飞向自由。
"['火星救援', '\xa0/\xa0The Martian']",['\xa0/\xa0火星任务(港)  /  绝地救援(台)'],https://movie.douban.com/subject/25864085/,8.5,
"['穿越时空的少女', '\xa0/\xa0時をかける少女']",['\xa0/\xa0跳跃吧！时空少女(台)  /  Toki o kakeru shôjo'],https://movie.douban.com/subject/1937946/,8.6,爱上未来的你。 
"['朗读者', '\xa0/\xa0The Reader']",['\xa0/\xa0为爱朗读(台)  /  读爱(港)'],https://movie.douban.com/subject/2213597/,8.6,当爱情跨越年龄的界限，它似乎能变得更久远一点，成为一种责任，一种水到渠成的相濡以沫。 
"['香水', '\xa0/\xa0Perfume: The Story of a Murderer']",['\xa0/\xa0香水：一个杀人犯的故事  /  香水：一个谋杀犯的故事'],https://movie.douban.com/subject/1760622/,8.5,一个单凭体香达到高潮的男人。
"['地球上的星星', '\xa0/\xa0Taare Zameen Par']",['\xa0/\xa0心中的小星星(台)  /  每一个孩子都是特别的'],https://movie.douban.com/subject/2363506/,8.9,天使保护事件始末。
"['我爱你', '\xa0/\xa0그대를 사랑합니다']",['\xa0/\xa0爱你  /  爱，是一生相伴(台)'],https://movie.douban.com/subject/5908478/,9.0,你要相信，这世上真的有爱存在，不管在什么年纪 
"['完美陌生人', '\xa0/\xa0Perfetti sconosciuti']",['\xa0/\xa0完美谎情(港)  /  波动的信息分享'],https://movie.douban.com/subject/26614893/,8.5,来啊，互相伤害啊！
"['千年女优', '\xa0/\xa0千年女優']",['\xa0/\xa0Millennium Actress'],https://movie.douban.com/subject/1307394/,8.8,爱情是一场没有尽头的虚幻追逐。
['驴得水'],['\xa0/\xa0Mr. Donkey'],https://movie.douban.com/subject/25921812/,8.3,过去的如果就让它过去了，未来只会越来越糟！
"['聚焦', '\xa0/\xa0Spotlight']",['\xa0/\xa0焦点追击(港)  /  惊爆焦点(台)'],https://movie.douban.com/subject/25954475/,8.8,新闻人的理性求真。
"['浪潮', '\xa0/\xa0Die Welle']",['\xa0/\xa0恶魔教室(台)  /  白恤暴潮(港)'],https://movie.douban.com/subject/2297265/,8.7,世界离独裁只有五天。
